{"accuracy": [0.12688328325748444, 0.3785623610019684, 0.5211471915245056, 0.6310582756996155, 0.6920493841171265, 0.7363405227661133, 0.7755491137504578, 0.7964240312576294, 0.8141223192214966, 0.8293701410293579, 0.8483390808105469, 0.8544200658798218, 0.8690325021743774, 0.8740243315696716, 0.8856416940689087, 0.8884552717208862, 0.8871846199035645, 0.9019785523414612, 0.9019785523414612, 0.9119622707366943], "loss": [3.045203447341919, 2.004474639892578, 1.4697049856185913, 1.1225011348724365, 0.9256911873817444, 0.7668392658233643, 0.6705217361450195, 0.5958477258682251, 0.5481258630752563, 0.4969833195209503, 0.44417306780815125, 0.41494449973106384, 0.3857448995113373, 0.36230960488319397, 0.33311083912849426, 0.317413330078125, 0.31983593106269836, 0.2851529121398926, 0.2782674729824066, 0.26121363043785095], "val_accuracy": [0.3975840210914612, 0.6281512379646301, 0.7247899174690247, 0.8560924530029297, 0.9007353186607361, 0.8797268867492676, 0.9369747638702393, 0.9422268867492676, 0.9422268867492676, 0.9595588445663452, 0.9422268867492676, 0.9611344337463379, 0.9653361439704895, 0.9690126180648804, 0.9732142686843872, 0.9721638560295105, 0.9742646813392639, 0.9784663915634155, 0.9837185144424438, 0.9831932783126831], "val_loss": [2.006519079208374, 1.1710638999938965, 0.868018388748169, 0.4898723363876343, 0.3531968891620636, 0.37328919768333435, 0.2241717427968979, 0.19484597444534302, 0.19285011291503906, 0.13984809815883636, 0.17384032905101776, 0.12779264152050018, 0.11784165352582932, 0.10470665991306305, 0.09351741522550583, 0.0892983227968216, 0.08563622832298279, 0.07223553955554962, 0.05797608569264412, 0.05417688190937042]}